{
    "avg_prec": {
        "test": 0.8269270321468758
    },
    "roc_auc": {
        "test": 0.8563864883567487
    }
}
