{
    "avg_prec": {
        "test": 0.799378640776699
    },
    "roc_auc": {
        "test": 0.8571428571428572
    }
}
